Station Name,model and version,XL2 S/N
LakeHodges_FELICITA,Sutron XLink 500 Version 8.35 Build 17:45:51 09/23/2020 revision 3369,1911368
Label,Meas Type,Slope,Offset,Equation
SamplePacin,Manual Entry,1.000000,0.000000,Off
BottleNum,Manual Entry,1.000000,0.000000,Off
Incr_Flow,Meta,1.000000,0.000000,Off
AliquotNum,Meta,1.000000,0.000000,Off
Level_PT,SDI-12,1.000000,0.000000,Off
Flow _PT,Meta,1.000000,0.000000,Off
03/04/2021 08:11:00,Level_PT,2.82,in,G
03/04/2021 08:11:00,Flow _PT,0.896,cfs,G
03/04/2021 08:11:00,SamplePacin,2000,cf,G
03/04/2021 08:11:00,BottleNum,1,,G
03/04/2021 08:11:00,AliquotNum,39,ali,G
03/04/2021 08:11:00,Incr_Flow,151.88,cf,G
03/04/2021 08:12:00,Level_PT,2.85,in,G
03/04/2021 08:12:00,Flow _PT,0.915,cfs,G
03/04/2021 08:12:00,SamplePacin,2000,cf,G
03/04/2021 08:12:00,BottleNum,1,,G
03/04/2021 08:12:00,AliquotNum,39,ali,G
03/04/2021 08:12:00,Incr_Flow,206.79,cf,G
03/04/2021 08:13:00,Level_PT,2.81,in,G
03/04/2021 08:13:00,Flow _PT,0.890,cfs,G
03/04/2021 08:13:00,SamplePacin,2000,cf,G
03/04/2021 08:13:00,BottleNum,1,,G
03/04/2021 08:13:00,AliquotNum,39,ali,G
03/04/2021 08:13:00,Incr_Flow,260.17,cf,G
03/04/2021 08:14:00,Level_PT,2.82,in,G
03/04/2021 08:14:00,Flow _PT,0.896,cfs,G
03/04/2021 08:14:00,SamplePacin,2000,cf,G
03/04/2021 08:14:00,BottleNum,1,,G
03/04/2021 08:14:00,AliquotNum,39,ali,G
03/04/2021 08:14:00,Incr_Flow,313.94,cf,G
03/04/2021 08:15:00,Level_PT,2.86,in,G
03/04/2021 08:15:00,Flow _PT,0.922,cfs,G
03/04/2021 08:15:00,SamplePacin,2000,cf,G
03/04/2021 08:15:00,BottleNum,1,,G
03/04/2021 08:15:00,AliquotNum,39,ali,G
03/04/2021 08:15:00,Incr_Flow,369.24,cf,G
03/04/2021 08:16:00,Level_PT,2.82,in,G
03/04/2021 08:16:00,Flow _PT,0.896,cfs,G
03/04/2021 08:16:00,SamplePacin,2000,cf,G
03/04/2021 08:16:00,BottleNum,1,,G
03/04/2021 08:16:00,AliquotNum,39,ali,G
03/04/2021 08:16:00,Incr_Flow,423.01,cf,G
03/04/2021 08:17:00,Level_PT,2.83,in,G
03/04/2021 08:17:00,Flow _PT,0.902,cfs,G
03/04/2021 08:17:00,SamplePacin,2000,cf,G
03/04/2021 08:17:00,BottleNum,1,,G
03/04/2021 08:17:00,AliquotNum,39,ali,G
03/04/2021 08:17:00,Incr_Flow,477.16,cf,G
03/04/2021 08:18:00,Level_PT,2.82,in,G
03/04/2021 08:18:00,Flow _PT,0.896,cfs,G
03/04/2021 08:18:00,SamplePacin,2000,cf,G
03/04/2021 08:18:00,BottleNum,1,,G
03/04/2021 08:18:00,AliquotNum,39,ali,G
03/04/2021 08:18:00,Incr_Flow,530.92,cf,G
03/04/2021 08:19:00,Level_PT,2.82,in,G
03/04/2021 08:19:00,Flow _PT,0.896,cfs,G
03/04/2021 08:19:00,SamplePacin,2000,cf,G
03/04/2021 08:19:00,BottleNum,1,,G
03/04/2021 08:19:00,AliquotNum,39,ali,G
03/04/2021 08:19:00,Incr_Flow,584.69,cf,G
03/04/2021 08:20:00,Level_PT,2.81,in,G
03/04/2021 08:20:00,SamplePacin,2000,cf,G
03/04/2021 08:20:00,BottleNum,1,,G
03/04/2021 08:20:00,Flow _PT,0.890,cfs,G
03/04/2021 08:20:00,AliquotNum,39,ali,G
03/04/2021 08:20:00,Incr_Flow,638.07,cf,G
03/04/2021 08:21:00,Level_PT,2.83,in,G
03/04/2021 08:21:00,Flow _PT,0.902,cfs,G
03/04/2021 08:21:00,SamplePacin,2000,cf,G
03/04/2021 08:21:00,BottleNum,1,,G
03/04/2021 08:21:00,AliquotNum,39,ali,G
03/04/2021 08:21:00,Incr_Flow,692.22,cf,G
03/04/2021 08:22:00,Level_PT,2.82,in,G
03/04/2021 08:22:00,Flow _PT,0.896,cfs,G
03/04/2021 08:22:00,SamplePacin,2000,cf,G
03/04/2021 08:22:00,BottleNum,1,,G
03/04/2021 08:22:00,AliquotNum,39,ali,G
03/04/2021 08:22:00,Incr_Flow,745.99,cf,G
03/04/2021 08:23:00,Level_PT,2.81,in,G
03/04/2021 08:23:00,Flow _PT,0.890,cfs,G
03/04/2021 08:23:00,SamplePacin,2000,cf,G
03/04/2021 08:23:00,BottleNum,1,,G
03/04/2021 08:23:00,AliquotNum,39,ali,G
03/04/2021 08:23:00,Incr_Flow,799.37,cf,G
03/04/2021 08:24:00,Level_PT,2.81,in,G
03/04/2021 08:24:00,Flow _PT,0.890,cfs,G
03/04/2021 08:24:00,SamplePacin,2000,cf,G
03/04/2021 08:24:00,BottleNum,1,,G
03/04/2021 08:24:00,AliquotNum,39,ali,G
03/04/2021 08:24:00,Incr_Flow,852.75,cf,G
03/04/2021 08:25:00,Level_PT,2.81,in,G
03/04/2021 08:25:00,Flow _PT,0.890,cfs,G
03/04/2021 08:25:00,SamplePacin,2000,cf,G
03/04/2021 08:25:00,BottleNum,1,,G
03/04/2021 08:25:00,AliquotNum,39,ali,G
03/04/2021 08:25:00,Incr_Flow,906.13,cf,G
03/04/2021 08:26:00,Level_PT,2.79,in,G
03/04/2021 08:26:00,Flow _PT,0.877,cfs,G
03/04/2021 08:26:00,SamplePacin,2000,cf,G
03/04/2021 08:26:00,BottleNum,1,,G
03/04/2021 08:26:00,AliquotNum,39,ali,G
03/04/2021 08:26:00,Incr_Flow,958.75,cf,G
03/04/2021 08:27:00,Level_PT,2.84,in,G
03/04/2021 08:27:00,Flow _PT,0.909,cfs,G
03/04/2021 08:27:00,SamplePacin,2000,cf,G
03/04/2021 08:27:00,BottleNum,1,,G
03/04/2021 08:27:00,AliquotNum,39,ali,G
03/04/2021 08:27:00,Incr_Flow,1013.28,cf,G
03/04/2021 08:28:00,Level_PT,2.77,in,G
03/04/2021 08:28:00,Flow _PT,0.864,cfs,G
03/04/2021 08:28:00,SamplePacin,2000,cf,G
03/04/2021 08:28:00,BottleNum,1,,G
03/04/2021 08:28:00,AliquotNum,39,ali,G
03/04/2021 08:28:00,Incr_Flow,1065.13,cf,G
03/04/2021 08:29:00,Level_PT,2.81,in,G
03/04/2021 08:29:00,Flow _PT,0.890,cfs,G
03/04/2021 08:29:00,SamplePacin,2000,cf,G
03/04/2021 08:29:00,BottleNum,1,,G
03/04/2021 08:29:00,AliquotNum,39,ali,G
03/04/2021 08:29:00,Incr_Flow,1118.52,cf,G
03/04/2021 08:30:00,Level_PT,2.79,in,G
03/04/2021 08:30:00,Flow _PT,0.877,cfs,G
03/04/2021 08:30:00,SamplePacin,2000,cf,G
03/04/2021 08:30:00,BottleNum,1,,G
03/04/2021 08:30:00,AliquotNum,39,ali,G
03/04/2021 08:30:00,Incr_Flow,1171.13,cf,G
03/04/2021 08:31:00,Level_PT,2.81,in,G
03/04/2021 08:31:00,Flow _PT,0.890,cfs,G
03/04/2021 08:31:00,SamplePacin,2000,cf,G
03/04/2021 08:31:00,BottleNum,1,,G
03/04/2021 08:31:00,AliquotNum,39,ali,G
03/04/2021 08:31:00,Incr_Flow,1224.52,cf,G
03/04/2021 08:32:00,Level_PT,2.82,in,G
03/04/2021 08:32:00,Flow _PT,0.896,cfs,G
03/04/2021 08:32:00,SamplePacin,2000,cf,G
03/04/2021 08:32:00,BottleNum,1,,G
03/04/2021 08:32:00,AliquotNum,39,ali,G
03/04/2021 08:32:00,Incr_Flow,1278.28,cf,G
03/04/2021 08:33:00,Level_PT,2.79,in,G
03/04/2021 08:33:00,Flow _PT,0.877,cfs,G
03/04/2021 08:33:00,SamplePacin,2000,cf,G
03/04/2021 08:33:00,BottleNum,1,,G
03/04/2021 08:33:00,AliquotNum,39,ali,G
03/04/2021 08:33:00,Incr_Flow,1330.90,cf,G
03/04/2021 08:34:00,Level_PT,2.81,in,G
03/04/2021 08:34:00,Flow _PT,0.890,cfs,G
03/04/2021 08:34:00,SamplePacin,2000,cf,G
03/04/2021 08:34:00,BottleNum,1,,G
03/04/2021 08:34:00,AliquotNum,39,ali,G
03/04/2021 08:34:00,Incr_Flow,1384.28,cf,G
03/04/2021 08:35:00,Level_PT,2.80,in,G
03/04/2021 08:35:00,Flow _PT,0.883,cfs,G
03/04/2021 08:35:00,SamplePacin,2000,cf,G
03/04/2021 08:35:00,BottleNum,1,,G
03/04/2021 08:35:00,AliquotNum,39,ali,G
03/04/2021 08:35:00,Incr_Flow,1437.28,cf,G
03/04/2021 08:36:00,Level_PT,2.85,in,G
03/04/2021 08:36:00,Flow _PT,0.915,cfs,G
03/04/2021 08:36:00,SamplePacin,2000,cf,G
03/04/2021 08:36:00,BottleNum,1,,G
03/04/2021 08:36:00,AliquotNum,39,ali,G
03/04/2021 08:36:00,Incr_Flow,1492.20,cf,G
03/04/2021 08:37:00,Level_PT,2.85,in,G
03/04/2021 08:37:00,Flow _PT,0.915,cfs,G
03/04/2021 08:37:00,SamplePacin,2000,cf,G
03/04/2021 08:37:00,BottleNum,1,,G
03/04/2021 08:37:00,AliquotNum,39,ali,G
03/04/2021 08:37:00,Incr_Flow,1547.11,cf,G
03/04/2021 08:38:00,Level_PT,2.81,in,G
03/04/2021 08:38:00,Flow _PT,0.890,cfs,G
03/04/2021 08:38:00,SamplePacin,2000,cf,G
03/04/2021 08:38:00,BottleNum,1,,G
03/04/2021 08:38:00,AliquotNum,39,ali,G
03/04/2021 08:38:00,Incr_Flow,1600.50,cf,G
03/04/2021 08:39:00,Level_PT,2.80,in,G
03/04/2021 08:39:00,Flow _PT,0.883,cfs,G
03/04/2021 08:39:00,SamplePacin,2000,cf,G
03/04/2021 08:39:00,BottleNum,1,,G
03/04/2021 08:39:00,AliquotNum,39,ali,G
03/04/2021 08:39:00,Incr_Flow,1653.49,cf,G
03/04/2021 08:40:00,Level_PT,2.81,in,G
03/04/2021 08:40:00,Flow _PT,0.890,cfs,G
03/04/2021 08:40:00,SamplePacin,2000,cf,G
03/04/2021 08:40:00,BottleNum,1,,G
03/04/2021 08:40:00,AliquotNum,39,ali,G
03/04/2021 08:40:00,Incr_Flow,1706.88,cf,G
03/04/2021 08:41:00,Level_PT,2.79,in,G
03/04/2021 08:41:00,Flow _PT,0.877,cfs,G
03/04/2021 08:41:00,SamplePacin,2000,cf,G
03/04/2021 08:41:00,BottleNum,1,,G
03/04/2021 08:41:00,AliquotNum,39,ali,G
03/04/2021 08:41:00,Incr_Flow,1759.49,cf,G
03/04/2021 08:42:00,Level_PT,2.77,in,G
03/04/2021 08:42:00,Flow _PT,0.864,cfs,G
03/04/2021 08:42:00,SamplePacin,2000,cf,G
03/04/2021 08:42:00,BottleNum,1,,G
03/04/2021 08:42:00,AliquotNum,39,ali,G
03/04/2021 08:42:00,Incr_Flow,1811.34,cf,G
03/04/2021 08:43:00,Level_PT,2.77,in,G
03/04/2021 08:43:00,Flow _PT,0.864,cfs,G
03/04/2021 08:43:00,SamplePacin,2000,cf,G
03/04/2021 08:43:00,BottleNum,1,,G
03/04/2021 08:43:00,AliquotNum,39,ali,G
03/04/2021 08:43:00,Incr_Flow,1863.19,cf,G
03/04/2021 08:44:00,Level_PT,2.79,in,G
03/04/2021 08:44:00,Flow _PT,0.877,cfs,G
03/04/2021 08:44:00,SamplePacin,2000,cf,G
03/04/2021 08:44:00,BottleNum,1,,G
03/04/2021 08:44:00,AliquotNum,39,ali,G
03/04/2021 08:44:00,Incr_Flow,1915.81,cf,G
03/04/2021 08:45:00,Level_PT,2.76,in,G
03/04/2021 08:45:00,Flow _PT,0.858,cfs,G
03/04/2021 08:45:00,SamplePacin,2000,cf,G
03/04/2021 08:45:00,BottleNum,1,,G
03/04/2021 08:45:00,AliquotNum,39,ali,G
03/04/2021 08:45:00,Incr_Flow,1967.28,cf,G
03/04/2021 08:46:00,Level_PT,2.78,in,G
03/04/2021 08:46:00,Flow _PT,0.871,cfs,G
03/04/2021 08:46:00,SamplePacin,2000,cf,G
03/04/2021 08:46:00,BottleNum,1,,G
03/04/2021 08:46:00,AliquotNum,39,ali,G
03/04/2021 08:46:00,Incr_Flow,19.51,cf,G
03/04/2021 08:47:00,Level_PT,2.78,in,G
03/04/2021 08:47:00,Flow _PT,0.871,cfs,G
03/04/2021 08:47:00,SamplePacin,2000,cf,G
03/04/2021 08:47:00,BottleNum,1,,G
03/04/2021 08:47:00,AliquotNum,40,ali,G
03/04/2021 08:47:00,Incr_Flow,71.74,cf,G
03/04/2021 08:48:00,Level_PT,2.78,in,G
03/04/2021 08:48:00,Flow _PT,0.871,cfs,G
03/04/2021 08:48:00,SamplePacin,2000,cf,G
03/04/2021 08:48:00,BottleNum,1,,G
03/04/2021 08:48:00,AliquotNum,40,ali,G
03/04/2021 08:48:00,Incr_Flow,123.98,cf,G
03/04/2021 08:49:00,Level_PT,2.79,in,G
03/04/2021 08:49:00,Flow _PT,0.877,cfs,G
03/04/2021 08:49:00,SamplePacin,2000,cf,G
03/04/2021 08:49:00,BottleNum,1,,G
03/04/2021 08:49:00,AliquotNum,40,ali,G
03/04/2021 08:49:00,Incr_Flow,176.59,cf,G
03/04/2021 08:50:00,Level_PT,2.79,in,G
03/04/2021 08:50:00,Flow _PT,0.877,cfs,G
03/04/2021 08:50:00,SamplePacin,2000,cf,G
03/04/2021 08:50:00,BottleNum,1,,G
03/04/2021 08:50:00,AliquotNum,40,ali,G
03/04/2021 08:50:00,Incr_Flow,229.21,cf,G
03/04/2021 08:51:00,Level_PT,2.81,in,G
03/04/2021 08:51:00,Flow _PT,0.890,cfs,G
03/04/2021 08:51:00,SamplePacin,2000,cf,G
03/04/2021 08:51:00,BottleNum,1,,G
03/04/2021 08:51:00,AliquotNum,40,ali,G
03/04/2021 08:51:00,Incr_Flow,282.59,cf,G
03/04/2021 08:52:00,Level_PT,2.76,in,G
03/04/2021 08:52:00,Flow _PT,0.858,cfs,G
03/04/2021 08:52:00,SamplePacin,2000,cf,G
03/04/2021 08:52:00,BottleNum,1,,G
03/04/2021 08:52:00,AliquotNum,40,ali,G
03/04/2021 08:52:00,Incr_Flow,334.06,cf,G
03/04/2021 08:53:00,Level_PT,2.78,in,G
03/04/2021 08:53:00,Flow _PT,0.871,cfs,G
03/04/2021 08:53:00,SamplePacin,2000,cf,G
03/04/2021 08:53:00,BottleNum,1,,G
03/04/2021 08:53:00,AliquotNum,40,ali,G
03/04/2021 08:53:00,Incr_Flow,386.29,cf,G
03/04/2021 08:54:00,Level_PT,2.75,in,G
03/04/2021 08:54:00,Flow _PT,0.851,cfs,G
03/04/2021 08:54:00,SamplePacin,2000,cf,G
03/04/2021 08:54:00,BottleNum,1,,G
03/04/2021 08:54:00,AliquotNum,40,ali,G
03/04/2021 08:54:00,Incr_Flow,437.37,cf,G
03/04/2021 08:55:00,Level_PT,2.79,in,G
03/04/2021 08:55:00,Flow _PT,0.877,cfs,G
03/04/2021 08:55:00,SamplePacin,2000,cf,G
03/04/2021 08:55:00,BottleNum,1,,G
03/04/2021 08:55:00,AliquotNum,40,ali,G
03/04/2021 08:55:00,Incr_Flow,489.99,cf,G
03/04/2021 08:56:00,Level_PT,2.76,in,G
03/04/2021 08:56:00,Flow _PT,0.858,cfs,G
03/04/2021 08:56:00,SamplePacin,2000,cf,G
03/04/2021 08:56:00,BottleNum,1,,G
03/04/2021 08:56:00,AliquotNum,40,ali,G
03/04/2021 08:56:00,Incr_Flow,541.46,cf,G
03/04/2021 08:57:00,Level_PT,2.75,in,G
03/04/2021 08:57:00,Flow _PT,0.851,cfs,G
03/04/2021 08:57:00,SamplePacin,2000,cf,G
03/04/2021 08:57:00,BottleNum,1,,G
03/04/2021 08:57:00,AliquotNum,40,ali,G
03/04/2021 08:57:00,Incr_Flow,592.54,cf,G
03/04/2021 08:58:00,Level_PT,2.76,in,G
03/04/2021 08:58:00,Flow _PT,0.858,cfs,G
03/04/2021 08:58:00,SamplePacin,2000,cf,G
03/04/2021 08:58:00,BottleNum,1,,G
03/04/2021 08:58:00,AliquotNum,40,ali,G
03/04/2021 08:58:00,Incr_Flow,644.01,cf,G
03/04/2021 08:59:00,Level_PT,2.76,in,G
03/04/2021 08:59:00,Flow _PT,0.858,cfs,G
03/04/2021 08:59:00,SamplePacin,2000,cf,G
03/04/2021 08:59:00,BottleNum,1,,G
03/04/2021 08:59:00,AliquotNum,40,ali,G
03/04/2021 08:59:00,Incr_Flow,695.47,cf,G
03/04/2021 09:00:00,Level_PT,2.74,in,G
03/04/2021 09:00:00,Flow _PT,0.845,cfs,G
03/04/2021 09:00:00,SamplePacin,2000,cf,G
03/04/2021 09:00:00,BottleNum,1,,G
03/04/2021 09:00:00,AliquotNum,40,ali,G
03/04/2021 09:00:00,Incr_Flow,746.17,cf,G
03/04/2021 09:01:00,Level_PT,2.73,in,G
03/04/2021 09:01:00,Flow _PT,0.840,cfs,G
03/04/2021 09:01:00,SamplePacin,2000,cf,G
03/04/2021 09:01:00,BottleNum,1,,G
03/04/2021 09:01:00,AliquotNum,40,ali,G
03/04/2021 09:01:00,Incr_Flow,796.56,cf,G
03/04/2021 09:02:00,Level_PT,2.76,in,G
03/04/2021 09:02:00,Flow _PT,0.858,cfs,G
03/04/2021 09:02:00,SamplePacin,2000,cf,G
03/04/2021 09:02:00,BottleNum,1,,G
03/04/2021 09:02:00,AliquotNum,40,ali,G
03/04/2021 09:02:00,Incr_Flow,848.03,cf,G
03/04/2021 09:03:00,Level_PT,2.75,in,G
03/04/2021 09:03:00,Flow _PT,0.851,cfs,G
03/04/2021 09:03:00,SamplePacin,2000,cf,G
03/04/2021 09:03:00,BottleNum,1,,G
03/04/2021 09:03:00,AliquotNum,40,ali,G
03/04/2021 09:03:00,Incr_Flow,899.11,cf,G
03/04/2021 09:04:00,Level_PT,2.75,in,G
03/04/2021 09:04:00,Flow _PT,0.851,cfs,G
03/04/2021 09:04:00,SamplePacin,2000,cf,G
03/04/2021 09:04:00,BottleNum,1,,G
03/04/2021 09:04:00,AliquotNum,40,ali,G
03/04/2021 09:04:00,Incr_Flow,950.19,cf,G
03/04/2021 09:05:00,Level_PT,2.75,in,G
03/04/2021 09:05:00,Flow _PT,0.851,cfs,G
03/04/2021 09:05:00,SamplePacin,2000,cf,G
03/04/2021 09:05:00,BottleNum,1,,G
03/04/2021 09:05:00,AliquotNum,40,ali,G
03/04/2021 09:05:00,Incr_Flow,1001.28,cf,G
03/04/2021 09:06:00,Level_PT,2.72,in,G
03/04/2021 09:06:00,Flow _PT,0.835,cfs,G
03/04/2021 09:06:00,SamplePacin,2000,cf,G
03/04/2021 09:06:00,BottleNum,1,,G
03/04/2021 09:06:00,AliquotNum,40,ali,G
03/04/2021 09:06:00,Incr_Flow,1051.35,cf,G
03/04/2021 09:07:00,Level_PT,2.73,in,G
03/04/2021 09:07:00,Flow _PT,0.840,cfs,G
03/04/2021 09:07:00,SamplePacin,2000,cf,G
03/04/2021 09:07:00,BottleNum,1,,G
03/04/2021 09:07:00,AliquotNum,40,ali,G
03/04/2021 09:07:00,Incr_Flow,1101.74,cf,G
03/04/2021 09:08:00,Level_PT,2.75,in,G
03/04/2021 09:08:00,Flow _PT,0.851,cfs,G
03/04/2021 09:08:00,SamplePacin,2000,cf,G
03/04/2021 09:08:00,BottleNum,1,,G
03/04/2021 09:08:00,AliquotNum,40,ali,G
03/04/2021 09:08:00,Incr_Flow,1152.82,cf,G
03/04/2021 09:09:00,Level_PT,2.75,in,G
03/04/2021 09:09:00,Flow _PT,0.851,cfs,G
03/04/2021 09:09:00,SamplePacin,2000,cf,G
03/04/2021 09:09:00,BottleNum,1,,G
03/04/2021 09:09:00,AliquotNum,40,ali,G
03/04/2021 09:09:00,Incr_Flow,1203.91,cf,G
03/04/2021 09:10:00,Level_PT,2.75,in,G
03/04/2021 09:10:00,Flow _PT,0.851,cfs,G
03/04/2021 09:10:00,SamplePacin,2000,cf,G
03/04/2021 09:10:00,BottleNum,1,,G
03/04/2021 09:10:00,AliquotNum,40,ali,G
03/04/2021 09:10:00,Incr_Flow,1254.99,cf,G
03/04/2021 09:11:00,Level_PT,2.75,in,G
03/04/2021 09:11:00,Flow _PT,0.851,cfs,G
03/04/2021 09:11:00,SamplePacin,2000,cf,G
03/04/2021 09:11:00,BottleNum,1,,G
03/04/2021 09:11:00,AliquotNum,40,ali,G
03/04/2021 09:11:00,Incr_Flow,1306.07,cf,G
03/04/2021 09:12:00,Level_PT,2.73,in,G
03/04/2021 09:12:00,Flow _PT,0.840,cfs,G
03/04/2021 09:12:00,SamplePacin,2000,cf,G
03/04/2021 09:12:00,BottleNum,1,,G
03/04/2021 09:12:00,AliquotNum,40,ali,G
03/04/2021 09:12:00,Incr_Flow,1356.46,cf,G
03/04/2021 09:13:00,Level_PT,2.74,in,G
03/04/2021 09:13:00,Flow _PT,0.845,cfs,G
03/04/2021 09:13:00,SamplePacin,2000,cf,G
03/04/2021 09:13:00,BottleNum,1,,G
03/04/2021 09:13:00,AliquotNum,40,ali,G
03/04/2021 09:13:00,Incr_Flow,1407.16,cf,G
03/04/2021 09:14:00,Level_PT,2.74,in,G
03/04/2021 09:14:00,Flow _PT,0.845,cfs,G
03/04/2021 09:14:00,SamplePacin,2000,cf,G
03/04/2021 09:14:00,BottleNum,1,,G
03/04/2021 09:14:00,AliquotNum,40,ali,G
03/04/2021 09:14:00,Incr_Flow,1457.86,cf,G
03/04/2021 09:15:00,Level_PT,2.70,in,G
03/04/2021 09:15:00,Flow _PT,0.824,cfs,G
03/04/2021 09:15:00,SamplePacin,2000,cf,G
03/04/2021 09:15:00,BottleNum,1,,G
03/04/2021 09:15:00,AliquotNum,40,ali,G
03/04/2021 09:15:00,Incr_Flow,1507.31,cf,G
03/04/2021 09:16:00,Level_PT,2.69,in,G
03/04/2021 09:16:00,Flow _PT,0.819,cfs,G
03/04/2021 09:16:00,SamplePacin,2000,cf,G
03/04/2021 09:16:00,BottleNum,1,,G
03/04/2021 09:16:00,AliquotNum,40,ali,G
03/04/2021 09:16:00,Incr_Flow,1556.45,cf,G
03/04/2021 09:17:00,Level_PT,2.73,in,G
03/04/2021 09:17:00,Flow _PT,0.840,cfs,G
03/04/2021 09:17:00,SamplePacin,2000,cf,G
03/04/2021 09:17:00,BottleNum,1,,G
03/04/2021 09:17:00,AliquotNum,40,ali,G
03/04/2021 09:17:00,Incr_Flow,1606.84,cf,G
03/04/2021 09:18:00,Level_PT,2.73,in,G
03/04/2021 09:18:00,Flow _PT,0.840,cfs,G
03/04/2021 09:18:00,SamplePacin,2000,cf,G
03/04/2021 09:18:00,BottleNum,1,,G
03/04/2021 09:18:00,AliquotNum,40,ali,G
03/04/2021 09:18:00,Incr_Flow,1657.22,cf,G
03/04/2021 09:19:00,Level_PT,2.71,in,G
03/04/2021 09:19:00,Flow _PT,0.829,cfs,G
03/04/2021 09:19:00,SamplePacin,2000,cf,G
03/04/2021 09:19:00,BottleNum,1,,G
03/04/2021 09:19:00,AliquotNum,40,ali,G
03/04/2021 09:19:00,Incr_Flow,1706.99,cf,G
03/04/2021 09:20:00,Level_PT,2.73,in,G
03/04/2021 09:20:00,Flow _PT,0.840,cfs,G
03/04/2021 09:20:00,SamplePacin,2000,cf,G
03/04/2021 09:20:00,BottleNum,1,,G
03/04/2021 09:20:00,AliquotNum,40,ali,G
03/04/2021 09:20:00,Incr_Flow,1757.37,cf,G
03/04/2021 09:21:00,Level_PT,2.73,in,G
03/04/2021 09:21:00,Flow _PT,0.840,cfs,G
03/04/2021 09:21:00,SamplePacin,2000,cf,G
03/04/2021 09:21:00,BottleNum,1,,G
03/04/2021 09:21:00,AliquotNum,40,ali,G
03/04/2021 09:21:00,Incr_Flow,1807.76,cf,G
03/04/2021 09:22:00,Level_PT,2.71,in,G
03/04/2021 09:22:00,Flow _PT,0.829,cfs,G
03/04/2021 09:22:00,SamplePacin,2000,cf,G
03/04/2021 09:22:00,BottleNum,1,,G
03/04/2021 09:22:00,AliquotNum,40,ali,G
03/04/2021 09:22:00,Incr_Flow,1857.52,cf,G
03/04/2021 09:23:00,Level_PT,2.73,in,G
03/04/2021 09:23:00,Flow _PT,0.840,cfs,G
03/04/2021 09:23:00,SamplePacin,2000,cf,G
03/04/2021 09:23:00,BottleNum,1,,G
03/04/2021 09:23:00,AliquotNum,40,ali,G
03/04/2021 09:23:00,Incr_Flow,1907.91,cf,G
03/04/2021 09:24:00,Level_PT,2.72,in,G
03/04/2021 09:24:00,Flow _PT,0.835,cfs,G
03/04/2021 09:24:00,SamplePacin,2000,cf,G
03/04/2021 09:24:00,BottleNum,1,,G
03/04/2021 09:24:00,AliquotNum,40,ali,G
03/04/2021 09:24:00,Incr_Flow,1957.99,cf,G
03/04/2021 09:25:00,Level_PT,2.71,in,G
03/04/2021 09:25:00,Flow _PT,0.829,cfs,G
03/04/2021 09:25:00,SamplePacin,2000,cf,G
03/04/2021 09:25:00,BottleNum,1,,G
03/04/2021 09:25:00,AliquotNum,40,ali,G
03/04/2021 09:25:00,Incr_Flow,7.75,cf,G
03/04/2021 09:26:00,Level_PT,2.71,in,G
03/04/2021 09:26:00,Flow _PT,0.829,cfs,G
03/04/2021 09:26:00,SamplePacin,2000,cf,G
03/04/2021 09:26:00,BottleNum,1,,G
03/04/2021 09:26:00,AliquotNum,41,ali,G
03/04/2021 09:26:00,Incr_Flow,57.51,cf,G
03/04/2021 09:27:00,Level_PT,2.72,in,G
03/04/2021 09:27:00,Flow _PT,0.835,cfs,G
03/04/2021 09:27:00,SamplePacin,2000,cf,G
03/04/2021 09:27:00,BottleNum,1,,G
03/04/2021 09:27:00,AliquotNum,41,ali,G
03/04/2021 09:27:00,Incr_Flow,107.59,cf,G
03/04/2021 09:28:00,Level_PT,2.73,in,G
03/04/2021 09:28:00,Flow _PT,0.840,cfs,G
03/04/2021 09:28:00,SamplePacin,2000,cf,G
03/04/2021 09:28:00,BottleNum,1,,G
03/04/2021 09:28:00,AliquotNum,41,ali,G
03/04/2021 09:28:00,Incr_Flow,157.97,cf,G
03/04/2021 09:29:00,Level_PT,2.71,in,G
03/04/2021 09:29:00,Flow _PT,0.829,cfs,G
03/04/2021 09:29:00,SamplePacin,2000,cf,G
03/04/2021 09:29:00,BottleNum,1,,G
03/04/2021 09:29:00,AliquotNum,41,ali,G
03/04/2021 09:29:00,Incr_Flow,207.74,cf,G
03/04/2021 09:30:00,Level_PT,2.72,in,G
03/04/2021 09:30:00,Flow _PT,0.835,cfs,G
03/04/2021 09:30:00,SamplePacin,2000,cf,G
03/04/2021 09:30:00,BottleNum,1,,G
03/04/2021 09:30:00,AliquotNum,41,ali,G
03/04/2021 09:30:00,Incr_Flow,257.81,cf,G
03/04/2021 09:31:00,Level_PT,2.71,in,G
03/04/2021 09:31:00,Flow _PT,0.829,cfs,G
03/04/2021 09:31:00,SamplePacin,2000,cf,G
03/04/2021 09:31:00,BottleNum,1,,G
03/04/2021 09:31:00,AliquotNum,41,ali,G
03/04/2021 09:31:00,Incr_Flow,307.57,cf,G
03/04/2021 09:32:00,Level_PT,2.67,in,G
03/04/2021 09:32:00,Flow _PT,0.809,cfs,G
03/04/2021 09:32:00,SamplePacin,2000,cf,G
03/04/2021 09:32:00,BottleNum,1,,G
03/04/2021 09:32:00,AliquotNum,41,ali,G
03/04/2021 09:32:00,Incr_Flow,356.09,cf,G
03/04/2021 09:33:00,Level_PT,2.71,in,G
03/04/2021 09:33:00,Flow _PT,0.829,cfs,G
03/04/2021 09:33:00,SamplePacin,2000,cf,G
03/04/2021 09:33:00,BottleNum,1,,G
03/04/2021 09:33:00,AliquotNum,41,ali,G
03/04/2021 09:33:00,Incr_Flow,405.85,cf,G
03/04/2021 09:34:00,Level_PT,2.71,in,G
03/04/2021 09:34:00,Flow _PT,0.829,cfs,G
03/04/2021 09:34:00,SamplePacin,2000,cf,G
03/04/2021 09:34:00,BottleNum,1,,G
03/04/2021 09:34:00,AliquotNum,41,ali,G
03/04/2021 09:34:00,Incr_Flow,455.61,cf,G
03/04/2021 09:35:00,Level_PT,2.73,in,G
03/04/2021 09:35:00,Flow _PT,0.840,cfs,G
03/04/2021 09:35:00,SamplePacin,2000,cf,G
03/04/2021 09:35:00,BottleNum,1,,G
03/04/2021 09:35:00,AliquotNum,41,ali,G
03/04/2021 09:35:00,Incr_Flow,506.00,cf,G
03/04/2021 09:36:00,Level_PT,2.69,in,G
03/04/2021 09:36:00,Flow _PT,0.819,cfs,G
03/04/2021 09:36:00,SamplePacin,2000,cf,G
03/04/2021 09:36:00,BottleNum,1,,G
03/04/2021 09:36:00,AliquotNum,41,ali,G
03/04/2021 09:36:00,Incr_Flow,555.14,cf,G
03/04/2021 09:37:00,Level_PT,2.73,in,G
03/04/2021 09:37:00,Flow _PT,0.840,cfs,G
03/04/2021 09:37:00,SamplePacin,2000,cf,G
03/04/2021 09:37:00,BottleNum,1,,G
03/04/2021 09:37:00,AliquotNum,41,ali,G
03/04/2021 09:37:00,Incr_Flow,605.52,cf,G
03/04/2021 09:38:00,Level_PT,2.71,in,G
03/04/2021 09:38:00,Flow _PT,0.829,cfs,G
03/04/2021 09:38:00,SamplePacin,2000,cf,G
03/04/2021 09:38:00,BottleNum,1,,G
03/04/2021 09:38:00,AliquotNum,41,ali,G
03/04/2021 09:38:00,Incr_Flow,655.29,cf,G
03/04/2021 09:39:00,Level_PT,2.71,in,G
03/04/2021 09:39:00,Flow _PT,0.829,cfs,G
03/04/2021 09:39:00,SamplePacin,2000,cf,G
03/04/2021 09:39:00,BottleNum,1,,G
03/04/2021 09:39:00,AliquotNum,41,ali,G
03/04/2021 09:39:00,Incr_Flow,705.05,cf,G
03/04/2021 09:40:00,Level_PT,2.73,in,G
03/04/2021 09:40:00,Flow _PT,0.840,cfs,G
03/04/2021 09:40:00,SamplePacin,2000,cf,G
03/04/2021 09:40:00,BottleNum,1,,G
03/04/2021 09:40:00,AliquotNum,41,ali,G
03/04/2021 09:40:00,Incr_Flow,755.44,cf,G
03/04/2021 09:41:00,Level_PT,2.67,in,G
03/04/2021 09:41:00,Flow _PT,0.809,cfs,G
03/04/2021 09:41:00,SamplePacin,2000,cf,G
03/04/2021 09:41:00,BottleNum,1,,G
03/04/2021 09:41:00,AliquotNum,41,ali,G
03/04/2021 09:41:00,Incr_Flow,803.95,cf,G
03/04/2021 09:42:00,Level_PT,2.67,in,G
03/04/2021 09:42:00,Flow _PT,0.809,cfs,G
03/04/2021 09:42:00,SamplePacin,2000,cf,G
03/04/2021 09:42:00,BottleNum,1,,G
03/04/2021 09:42:00,AliquotNum,41,ali,G
03/04/2021 09:42:00,Incr_Flow,852.46,cf,G
03/04/2021 09:43:00,Level_PT,2.71,in,G
03/04/2021 09:43:00,Flow _PT,0.829,cfs,G
03/04/2021 09:43:00,SamplePacin,2000,cf,G
03/04/2021 09:43:00,BottleNum,1,,G
03/04/2021 09:43:00,AliquotNum,41,ali,G
03/04/2021 09:43:00,Incr_Flow,902.22,cf,G
03/04/2021 09:44:00,Level_PT,2.68,in,G
03/04/2021 09:44:00,Flow _PT,0.814,cfs,G
03/04/2021 09:44:00,SamplePacin,2000,cf,G
03/04/2021 09:44:00,BottleNum,1,,G
03/04/2021 09:44:00,AliquotNum,41,ali,G
03/04/2021 09:44:00,Incr_Flow,951.05,cf,G
03/04/2021 09:45:00,Level_PT,2.70,in,G
03/04/2021 09:45:00,Flow _PT,0.824,cfs,G
03/04/2021 09:45:00,SamplePacin,2000,cf,G
03/04/2021 09:45:00,BottleNum,1,,G
03/04/2021 09:45:00,AliquotNum,41,ali,G
03/04/2021 09:45:00,Incr_Flow,1000.50,cf,G
03/04/2021 09:46:00,Level_PT,2.68,in,G
03/04/2021 09:46:00,Flow _PT,0.814,cfs,G
03/04/2021 09:46:00,SamplePacin,2000,cf,G
03/04/2021 09:46:00,BottleNum,1,,G
03/04/2021 09:46:00,AliquotNum,41,ali,G
03/04/2021 09:46:00,Incr_Flow,1049.32,cf,G
03/04/2021 09:47:00,Level_PT,2.70,in,G
03/04/2021 09:47:00,Flow _PT,0.824,cfs,G
03/04/2021 09:47:00,SamplePacin,2000,cf,G
03/04/2021 09:47:00,BottleNum,1,,G
03/04/2021 09:47:00,AliquotNum,41,ali,G
03/04/2021 09:47:00,Incr_Flow,1098.77,cf,G
03/04/2021 09:48:00,Level_PT,2.70,in,G
03/04/2021 09:48:00,Flow _PT,0.824,cfs,G
03/04/2021 09:48:00,SamplePacin,2000,cf,G
03/04/2021 09:48:00,BottleNum,1,,G
03/04/2021 09:48:00,AliquotNum,41,ali,G
03/04/2021 09:48:00,Incr_Flow,1148.22,cf,G
03/04/2021 09:49:00,Level_PT,2.68,in,G
03/04/2021 09:49:00,Flow _PT,0.814,cfs,G
03/04/2021 09:49:00,SamplePacin,2000,cf,G
03/04/2021 09:49:00,BottleNum,1,,G
03/04/2021 09:49:00,AliquotNum,41,ali,G
03/04/2021 09:49:00,Incr_Flow,1197.05,cf,G
03/04/2021 09:50:00,Level_PT,2.69,in,G
03/04/2021 09:50:00,Flow _PT,0.819,cfs,G
03/04/2021 09:50:00,SamplePacin,2000,cf,G
03/04/2021 09:50:00,BottleNum,1,,G
03/04/2021 09:50:00,AliquotNum,41,ali,G
03/04/2021 09:50:00,Incr_Flow,1246.19,cf,G
03/04/2021 09:51:00,Level_PT,2.70,in,G
03/04/2021 09:51:00,Flow _PT,0.824,cfs,G
03/04/2021 09:51:00,SamplePacin,2000,cf,G
03/04/2021 09:51:00,BottleNum,1,,G
03/04/2021 09:51:00,AliquotNum,41,ali,G
03/04/2021 09:51:00,Incr_Flow,1295.64,cf,G
03/04/2021 09:52:00,Level_PT,2.67,in,G
03/04/2021 09:52:00,Flow _PT,0.809,cfs,G
03/04/2021 09:52:00,SamplePacin,2000,cf,G
03/04/2021 09:52:00,BottleNum,1,,G
03/04/2021 09:52:00,AliquotNum,41,ali,G
03/04/2021 09:52:00,Incr_Flow,1344.15,cf,G
03/04/2021 09:53:00,Level_PT,2.68,in,G
03/04/2021 09:53:00,Flow _PT,0.814,cfs,G
03/04/2021 09:53:00,SamplePacin,2000,cf,G
03/04/2021 09:53:00,BottleNum,1,,G
03/04/2021 09:53:00,AliquotNum,41,ali,G
03/04/2021 09:53:00,Incr_Flow,1392.97,cf,G
03/04/2021 09:54:00,Level_PT,2.70,in,G
03/04/2021 09:54:00,Flow _PT,0.824,cfs,G
03/04/2021 09:54:00,SamplePacin,2000,cf,G
03/04/2021 09:54:00,BottleNum,1,,G
03/04/2021 09:54:00,AliquotNum,41,ali,G
03/04/2021 09:54:00,Incr_Flow,1442.42,cf,G
03/04/2021 09:55:00,Level_PT,2.71,in,G
03/04/2021 09:55:00,Flow _PT,0.829,cfs,G
03/04/2021 09:55:00,SamplePacin,2000,cf,G
03/04/2021 09:55:00,BottleNum,1,,G
03/04/2021 09:55:00,AliquotNum,41,ali,G
03/04/2021 09:55:00,Incr_Flow,1492.19,cf,G
03/04/2021 09:56:00,Level_PT,2.70,in,G
03/04/2021 09:56:00,Flow _PT,0.824,cfs,G
03/04/2021 09:56:00,SamplePacin,2000,cf,G
03/04/2021 09:56:00,BottleNum,1,,G
03/04/2021 09:56:00,AliquotNum,41,ali,G
03/04/2021 09:56:00,Incr_Flow,1541.64,cf,G
03/04/2021 09:57:00,Level_PT,2.68,in,G
03/04/2021 09:57:00,Flow _PT,0.814,cfs,G
03/04/2021 09:57:00,SamplePacin,2000,cf,G
03/04/2021 09:57:00,BottleNum,1,,G
03/04/2021 09:57:00,AliquotNum,41,ali,G
03/04/2021 09:57:00,Incr_Flow,1590.46,cf,G
03/04/2021 09:58:00,Level_PT,2.70,in,G
03/04/2021 09:58:00,Flow _PT,0.824,cfs,G
03/04/2021 09:58:00,SamplePacin,2000,cf,G
03/04/2021 09:58:00,BottleNum,1,,G
03/04/2021 09:58:00,AliquotNum,41,ali,G
03/04/2021 09:58:00,Incr_Flow,1639.91,cf,G
03/04/2021 09:59:00,Level_PT,2.70,in,G
03/04/2021 09:59:00,Flow _PT,0.824,cfs,G
03/04/2021 09:59:00,SamplePacin,2000,cf,G
03/04/2021 09:59:00,BottleNum,1,,G
03/04/2021 09:59:00,AliquotNum,41,ali,G
03/04/2021 09:59:00,Incr_Flow,1689.36,cf,G
03/04/2021 10:00:00,Level_PT,2.68,in,G
03/04/2021 10:00:00,Flow _PT,0.814,cfs,G
03/04/2021 10:00:00,SamplePacin,2000,cf,G
03/04/2021 10:00:00,BottleNum,1,,G
03/04/2021 10:00:00,AliquotNum,41,ali,G
03/04/2021 10:00:00,Incr_Flow,1738.19,cf,G
03/04/2021 10:01:00,Level_PT,2.70,in,G
03/04/2021 10:01:00,Flow _PT,0.824,cfs,G
03/04/2021 10:01:00,SamplePacin,2000,cf,G
03/04/2021 10:01:00,BottleNum,1,,G
03/04/2021 10:01:00,AliquotNum,41,ali,G
03/04/2021 10:01:00,Incr_Flow,1787.64,cf,G
03/04/2021 10:02:00,Level_PT,2.67,in,G
03/04/2021 10:02:00,Flow _PT,0.809,cfs,G
03/04/2021 10:02:00,SamplePacin,2000,cf,G
03/04/2021 10:02:00,BottleNum,1,,G
03/04/2021 10:02:00,AliquotNum,41,ali,G
03/04/2021 10:02:00,Incr_Flow,1836.15,cf,G
03/04/2021 10:03:00,Level_PT,2.67,in,G
03/04/2021 10:03:00,Flow _PT,0.809,cfs,G
03/04/2021 10:03:00,SamplePacin,2000,cf,G
03/04/2021 10:03:00,BottleNum,1,,G
03/04/2021 10:03:00,AliquotNum,41,ali,G
03/04/2021 10:03:00,Incr_Flow,1884.66,cf,G
03/04/2021 10:04:00,Level_PT,2.68,in,G
03/04/2021 10:04:00,Flow _PT,0.814,cfs,G
03/04/2021 10:04:00,SamplePacin,2000,cf,G
03/04/2021 10:04:00,BottleNum,1,,G
03/04/2021 10:04:00,AliquotNum,41,ali,G
03/04/2021 10:04:00,Incr_Flow,1933.49,cf,G
03/04/2021 10:05:00,Level_PT,2.67,in,G
03/04/2021 10:05:00,Flow _PT,0.809,cfs,G
03/04/2021 10:05:00,SamplePacin,2000,cf,G
03/04/2021 10:05:00,BottleNum,1,,G
03/04/2021 10:05:00,AliquotNum,41,ali,G
03/04/2021 10:05:00,Incr_Flow,1982.00,cf,G
03/04/2021 10:06:00,Level_PT,2.70,in,G
03/04/2021 10:06:00,Flow _PT,0.824,cfs,G
03/04/2021 10:06:00,SamplePacin,2000,cf,G
03/04/2021 10:06:00,BottleNum,1,,G
03/04/2021 10:06:00,AliquotNum,41,ali,G
03/04/2021 10:06:00,Incr_Flow,31.45,cf,G
03/04/2021 10:07:00,Level_PT,2.67,in,G
03/04/2021 10:07:00,Flow _PT,0.809,cfs,G
03/04/2021 10:07:00,SamplePacin,2000,cf,G
03/04/2021 10:07:00,BottleNum,1,,G
03/04/2021 10:07:00,AliquotNum,42,ali,G
03/04/2021 10:07:00,Incr_Flow,79.96,cf,G
03/04/2021 10:08:00,Level_PT,2.68,in,G
03/04/2021 10:08:00,Flow _PT,0.814,cfs,G
03/04/2021 10:08:00,SamplePacin,2000,cf,G
03/04/2021 10:08:00,BottleNum,1,,G
03/04/2021 10:08:00,AliquotNum,42,ali,G
03/04/2021 10:08:00,Incr_Flow,128.79,cf,G
03/04/2021 10:09:00,Level_PT,2.67,in,G
03/04/2021 10:09:00,Flow _PT,0.809,cfs,G
03/04/2021 10:09:00,SamplePacin,2000,cf,G
03/04/2021 10:09:00,BottleNum,1,,G
03/04/2021 10:09:00,AliquotNum,42,ali,G
03/04/2021 10:09:00,Incr_Flow,177.30,cf,G
03/04/2021 10:10:00,Level_PT,2.67,in,G
03/04/2021 10:10:00,Flow _PT,0.809,cfs,G
03/04/2021 10:10:00,SamplePacin,2000,cf,G
03/04/2021 10:10:00,BottleNum,1,,G
03/04/2021 10:10:00,AliquotNum,42,ali,G
03/04/2021 10:10:00,Incr_Flow,225.81,cf,G
03/04/2021 10:11:00,Level_PT,2.68,in,G
03/04/2021 10:11:00,Flow _PT,0.814,cfs,G
03/04/2021 10:11:00,SamplePacin,2000,cf,G
03/04/2021 10:11:00,BottleNum,1,,G
03/04/2021 10:11:00,AliquotNum,42,ali,G
03/04/2021 10:11:00,Incr_Flow,274.64,cf,G
03/04/2021 10:12:00,Level_PT,2.68,in,G
03/04/2021 10:12:00,Flow _PT,0.814,cfs,G
03/04/2021 10:12:00,SamplePacin,2000,cf,G
03/04/2021 10:12:00,BottleNum,1,,G
03/04/2021 10:12:00,AliquotNum,42,ali,G
03/04/2021 10:12:00,Incr_Flow,323.46,cf,G
03/04/2021 10:13:00,Level_PT,2.65,in,G
03/04/2021 10:13:00,Flow _PT,0.798,cfs,G
03/04/2021 10:13:00,SamplePacin,2000,cf,G
03/04/2021 10:13:00,BottleNum,1,,G
03/04/2021 10:13:00,AliquotNum,42,ali,G
03/04/2021 10:13:00,Incr_Flow,371.35,cf,G
03/04/2021 10:14:00,Level_PT,2.67,in,G
03/04/2021 10:14:00,Flow _PT,0.809,cfs,G
03/04/2021 10:14:00,SamplePacin,2000,cf,G
03/04/2021 10:14:00,BottleNum,1,,G
03/04/2021 10:14:00,AliquotNum,42,ali,G
03/04/2021 10:14:00,Incr_Flow,419.86,cf,G
03/04/2021 10:15:00,Level_PT,2.68,in,G
03/04/2021 10:15:00,Flow _PT,0.814,cfs,G
03/04/2021 10:15:00,SamplePacin,2000,cf,G
03/04/2021 10:15:00,BottleNum,1,,G
03/04/2021 10:15:00,AliquotNum,42,ali,G
03/04/2021 10:15:00,Incr_Flow,468.69,cf,G
03/04/2021 10:16:00,Level_PT,2.68,in,G
03/04/2021 10:16:00,Flow _PT,0.814,cfs,G
03/04/2021 10:16:00,SamplePacin,2000,cf,G
03/04/2021 10:16:00,BottleNum,1,,G
03/04/2021 10:16:00,AliquotNum,42,ali,G
03/04/2021 10:16:00,Incr_Flow,517.51,cf,G
03/04/2021 10:17:00,Level_PT,2.65,in,G
03/04/2021 10:17:00,Flow _PT,0.798,cfs,G
03/04/2021 10:17:00,SamplePacin,2000,cf,G
03/04/2021 10:17:00,BottleNum,1,,G
03/04/2021 10:17:00,AliquotNum,42,ali,G
03/04/2021 10:17:00,Incr_Flow,565.40,cf,G
03/04/2021 10:18:00,Level_PT,2.64,in,G
03/04/2021 10:18:00,Flow _PT,0.793,cfs,G
03/04/2021 10:18:00,SamplePacin,2000,cf,G
03/04/2021 10:18:00,BottleNum,1,,G
03/04/2021 10:18:00,AliquotNum,42,ali,G
03/04/2021 10:18:00,Incr_Flow,612.97,cf,G
03/04/2021 10:19:00,Level_PT,2.67,in,G
03/04/2021 10:19:00,Flow _PT,0.809,cfs,G
03/04/2021 10:19:00,SamplePacin,2000,cf,G
03/04/2021 10:19:00,BottleNum,1,,G
03/04/2021 10:19:00,AliquotNum,42,ali,G
03/04/2021 10:19:00,Incr_Flow,661.49,cf,G
03/04/2021 10:20:00,Level_PT,2.67,in,G
03/04/2021 10:20:00,Flow _PT,0.809,cfs,G
03/04/2021 10:20:00,SamplePacin,2000,cf,G
03/04/2021 10:20:00,BottleNum,1,,G
03/04/2021 10:20:00,AliquotNum,42,ali,G
03/04/2021 10:20:00,Incr_Flow,710.00,cf,G
03/04/2021 10:21:00,Level_PT,2.62,in,G
03/04/2021 10:21:00,Flow _PT,0.783,cfs,G
03/04/2021 10:21:00,SamplePacin,2000,cf,G
03/04/2021 10:21:00,BottleNum,1,,G
03/04/2021 10:21:00,AliquotNum,42,ali,G
03/04/2021 10:21:00,Incr_Flow,756.95,cf,G
03/04/2021 10:22:00,Level_PT,2.64,in,G
03/04/2021 10:22:00,Flow _PT,0.793,cfs,G
03/04/2021 10:22:00,SamplePacin,2000,cf,G
03/04/2021 10:22:00,BottleNum,1,,G
03/04/2021 10:22:00,AliquotNum,42,ali,G
03/04/2021 10:22:00,Incr_Flow,804.52,cf,G
03/04/2021 10:23:00,Level_PT,2.65,in,G
03/04/2021 10:23:00,Flow _PT,0.798,cfs,G
03/04/2021 10:23:00,SamplePacin,2000,cf,G
03/04/2021 10:23:00,BottleNum,1,,G
03/04/2021 10:23:00,AliquotNum,42,ali,G
03/04/2021 10:23:00,Incr_Flow,852.41,cf,G
03/04/2021 10:24:00,Level_PT,2.65,in,G
03/04/2021 10:24:00,Flow _PT,0.798,cfs,G
03/04/2021 10:24:00,SamplePacin,2000,cf,G
03/04/2021 10:24:00,BottleNum,1,,G
03/04/2021 10:24:00,AliquotNum,42,ali,G
03/04/2021 10:24:00,Incr_Flow,900.30,cf,G
03/04/2021 10:25:00,Level_PT,2.67,in,G
03/04/2021 10:25:00,Flow _PT,0.809,cfs,G
03/04/2021 10:25:00,SamplePacin,2000,cf,G
03/04/2021 10:25:00,BottleNum,1,,G
03/04/2021 10:25:00,AliquotNum,42,ali,G
03/04/2021 10:25:00,Incr_Flow,948.81,cf,G
03/04/2021 10:26:00,Level_PT,2.65,in,G
03/04/2021 10:26:00,Flow _PT,0.798,cfs,G
03/04/2021 10:26:00,SamplePacin,2000,cf,G
03/04/2021 10:26:00,BottleNum,1,,G
03/04/2021 10:26:00,AliquotNum,42,ali,G
03/04/2021 10:26:00,Incr_Flow,996.70,cf,G
03/04/2021 10:27:00,Level_PT,2.67,in,G
03/04/2021 10:27:00,Flow _PT,0.809,cfs,G
03/04/2021 10:27:00,SamplePacin,2000,cf,G
03/04/2021 10:27:00,BottleNum,1,,G
03/04/2021 10:27:00,AliquotNum,42,ali,G
03/04/2021 10:27:00,Incr_Flow,1045.21,cf,G
03/04/2021 10:28:00,Level_PT,2.62,in,G
03/04/2021 10:28:00,Flow _PT,0.783,cfs,G
03/04/2021 10:28:00,SamplePacin,2000,cf,G
03/04/2021 10:28:00,BottleNum,1,,G
03/04/2021 10:28:00,AliquotNum,42,ali,G
03/04/2021 10:28:00,Incr_Flow,1092.16,cf,G
03/04/2021 10:29:00,Level_PT,2.63,in,G
03/04/2021 10:29:00,Flow _PT,0.788,cfs,G
03/04/2021 10:29:00,SamplePacin,2000,cf,G
03/04/2021 10:29:00,BottleNum,1,,G
03/04/2021 10:29:00,AliquotNum,42,ali,G
03/04/2021 10:29:00,Incr_Flow,1139.42,cf,G
03/04/2021 10:30:00,Level_PT,2.62,in,G
03/04/2021 10:30:00,Flow _PT,0.783,cfs,G
03/04/2021 10:30:00,SamplePacin,2000,cf,G
03/04/2021 10:30:00,BottleNum,1,,G
03/04/2021 10:30:00,AliquotNum,42,ali,G
03/04/2021 10:30:00,Incr_Flow,1186.37,cf,G
03/04/2021 10:31:00,Level_PT,2.64,in,G
03/04/2021 10:31:00,Flow _PT,0.793,cfs,G
03/04/2021 10:31:00,SamplePacin,2000,cf,G
03/04/2021 10:31:00,BottleNum,1,,G
03/04/2021 10:31:00,AliquotNum,42,ali,G
03/04/2021 10:31:00,Incr_Flow,1233.95,cf,G
03/04/2021 10:32:00,Level_PT,2.64,in,G
03/04/2021 10:32:00,Flow _PT,0.793,cfs,G
03/04/2021 10:32:00,SamplePacin,2000,cf,G
03/04/2021 10:32:00,BottleNum,1,,G
03/04/2021 10:32:00,AliquotNum,42,ali,G
03/04/2021 10:32:00,Incr_Flow,1281.52,cf,G
03/04/2021 10:33:00,Level_PT,2.65,in,G
03/04/2021 10:33:00,Flow _PT,0.798,cfs,G
03/04/2021 10:33:00,SamplePacin,2000,cf,G
03/04/2021 10:33:00,BottleNum,1,,G
03/04/2021 10:33:00,AliquotNum,42,ali,G
03/04/2021 10:33:00,Incr_Flow,1329.41,cf,G
03/04/2021 10:34:00,Level_PT,2.64,in,G
03/04/2021 10:34:00,Flow _PT,0.793,cfs,G
03/04/2021 10:34:00,SamplePacin,2000,cf,G
03/04/2021 10:34:00,BottleNum,1,,G
03/04/2021 10:34:00,AliquotNum,42,ali,G
03/04/2021 10:34:00,Incr_Flow,1376.99,cf,G
03/04/2021 10:35:00,Level_PT,2.65,in,G
03/04/2021 10:35:00,Flow _PT,0.798,cfs,G
03/04/2021 10:35:00,SamplePacin,2000,cf,G
03/04/2021 10:35:00,BottleNum,1,,G
03/04/2021 10:35:00,AliquotNum,42,ali,G
03/04/2021 10:35:00,Incr_Flow,1424.87,cf,G
03/04/2021 10:36:00,Level_PT,2.64,in,G
03/04/2021 10:36:00,Flow _PT,0.793,cfs,G
03/04/2021 10:36:00,SamplePacin,2000,cf,G
03/04/2021 10:36:00,BottleNum,1,,G
03/04/2021 10:36:00,AliquotNum,42,ali,G
03/04/2021 10:36:00,Incr_Flow,1472.45,cf,G
03/04/2021 10:37:00,Level_PT,2.66,in,G
03/04/2021 10:37:00,Flow _PT,0.803,cfs,G
03/04/2021 10:37:00,SamplePacin,2000,cf,G
03/04/2021 10:37:00,BottleNum,1,,G
03/04/2021 10:37:00,AliquotNum,42,ali,G
03/04/2021 10:37:00,Incr_Flow,1520.65,cf,G
03/04/2021 10:38:00,Level_PT,2.62,in,G
03/04/2021 10:38:00,Flow _PT,0.783,cfs,G
03/04/2021 10:38:00,SamplePacin,2000,cf,G
03/04/2021 10:38:00,BottleNum,1,,G
03/04/2021 10:38:00,AliquotNum,42,ali,G
03/04/2021 10:38:00,Incr_Flow,1567.60,cf,G
03/04/2021 10:39:00,Level_PT,2.63,in,G
03/04/2021 10:39:00,Flow _PT,0.788,cfs,G
03/04/2021 10:39:00,SamplePacin,2000,cf,G
03/04/2021 10:39:00,BottleNum,1,,G
03/04/2021 10:39:00,AliquotNum,42,ali,G
03/04/2021 10:39:00,Incr_Flow,1614.86,cf,G
03/04/2021 10:40:00,Level_PT,2.64,in,G
03/04/2021 10:40:00,Flow _PT,0.793,cfs,G
03/04/2021 10:40:00,SamplePacin,2000,cf,G
03/04/2021 10:40:00,BottleNum,1,,G
03/04/2021 10:40:00,AliquotNum,42,ali,G
03/04/2021 10:40:00,Incr_Flow,1662.44,cf,G
03/04/2021 10:41:00,Level_PT,2.62,in,G
03/04/2021 10:41:00,Flow _PT,0.783,cfs,G
03/04/2021 10:41:00,SamplePacin,2000,cf,G
03/04/2021 10:41:00,BottleNum,1,,G
03/04/2021 10:41:00,AliquotNum,42,ali,G
03/04/2021 10:41:00,Incr_Flow,1709.39,cf,G
03/04/2021 10:42:00,Level_PT,2.62,in,G
03/04/2021 10:42:00,Flow _PT,0.783,cfs,G
03/04/2021 10:42:00,SamplePacin,2000,cf,G
03/04/2021 10:42:00,BottleNum,1,,G
03/04/2021 10:42:00,AliquotNum,42,ali,G
03/04/2021 10:42:00,Incr_Flow,1756.34,cf,G
03/04/2021 10:43:00,Level_PT,2.62,in,G
03/04/2021 10:43:00,Flow _PT,0.783,cfs,G
03/04/2021 10:43:00,SamplePacin,2000,cf,G
03/04/2021 10:43:00,BottleNum,1,,G
03/04/2021 10:43:00,AliquotNum,42,ali,G
03/04/2021 10:43:00,Incr_Flow,1803.29,cf,G
03/04/2021 10:44:00,Level_PT,2.62,in,G
03/04/2021 10:44:00,Flow _PT,0.783,cfs,G
03/04/2021 10:44:00,SamplePacin,2000,cf,G
03/04/2021 10:44:00,BottleNum,1,,G
03/04/2021 10:44:00,AliquotNum,42,ali,G
03/04/2021 10:44:00,Incr_Flow,1850.24,cf,G
03/04/2021 10:45:00,Level_PT,2.61,in,G
03/04/2021 10:45:00,Flow _PT,0.777,cfs,G
03/04/2021 10:45:00,SamplePacin,2000,cf,G
03/04/2021 10:45:00,BottleNum,1,,G
03/04/2021 10:45:00,AliquotNum,42,ali,G
03/04/2021 10:45:00,Incr_Flow,1896.87,cf,G
03/04/2021 10:46:00,Level_PT,2.62,in,G
03/04/2021 10:46:00,Flow _PT,0.783,cfs,G
03/04/2021 10:46:00,SamplePacin,2000,cf,G
03/04/2021 10:46:00,BottleNum,1,,G
03/04/2021 10:46:00,AliquotNum,42,ali,G
03/04/2021 10:46:00,Incr_Flow,1943.82,cf,G
03/04/2021 10:47:00,Level_PT,2.62,in,G
03/04/2021 10:47:00,Flow _PT,0.783,cfs,G
03/04/2021 10:47:00,SamplePacin,2000,cf,G
03/04/2021 10:47:00,BottleNum,1,,G
03/04/2021 10:47:00,AliquotNum,42,ali,G
03/04/2021 10:47:00,Incr_Flow,1990.77,cf,G
03/04/2021 10:48:00,Level_PT,2.62,in,G
03/04/2021 10:48:00,Flow _PT,0.783,cfs,G
03/04/2021 10:48:00,SamplePacin,2000,cf,G
03/04/2021 10:48:00,BottleNum,1,,G
03/04/2021 10:48:00,AliquotNum,42,ali,G
03/04/2021 10:48:00,Incr_Flow,37.72,cf,G
03/04/2021 10:49:00,Level_PT,2.62,in,G
03/04/2021 10:49:00,Flow _PT,0.783,cfs,G
03/04/2021 10:49:00,SamplePacin,2000,cf,G
03/04/2021 10:49:00,BottleNum,1,,G
03/04/2021 10:49:00,AliquotNum,43,ali,G
03/04/2021 10:49:00,Incr_Flow,84.67,cf,G
03/04/2021 10:50:00,Level_PT,2.61,in,G
03/04/2021 10:50:00,Flow _PT,0.777,cfs,G
03/04/2021 10:50:00,SamplePacin,2000,cf,G
03/04/2021 10:50:00,BottleNum,1,,G
03/04/2021 10:50:00,AliquotNum,43,ali,G
03/04/2021 10:50:00,Incr_Flow,131.31,cf,G
03/04/2021 10:51:00,Level_PT,2.61,in,G
03/04/2021 10:51:00,Flow _PT,0.777,cfs,G
03/04/2021 10:51:00,SamplePacin,2000,cf,G
03/04/2021 10:51:00,BottleNum,1,,G
03/04/2021 10:51:00,AliquotNum,43,ali,G
03/04/2021 10:51:00,Incr_Flow,177.95,cf,G
03/04/2021 10:52:00,Level_PT,2.62,in,G
03/04/2021 10:52:00,Flow _PT,0.783,cfs,G
03/04/2021 10:52:00,SamplePacin,2000,cf,G
03/04/2021 10:52:00,BottleNum,1,,G
03/04/2021 10:52:00,AliquotNum,43,ali,G
03/04/2021 10:52:00,Incr_Flow,224.90,cf,G
03/04/2021 10:53:00,Level_PT,2.61,in,G
03/04/2021 10:53:00,Flow _PT,0.777,cfs,G
03/04/2021 10:53:00,SamplePacin,2000,cf,G
03/04/2021 10:53:00,BottleNum,1,,G
03/04/2021 10:53:00,AliquotNum,43,ali,G
03/04/2021 10:53:00,Incr_Flow,271.54,cf,G
03/04/2021 10:54:00,Level_PT,2.62,in,G
03/04/2021 10:54:00,Flow _PT,0.783,cfs,G
03/04/2021 10:54:00,SamplePacin,2000,cf,G
03/04/2021 10:54:00,BottleNum,1,,G
03/04/2021 10:54:00,AliquotNum,43,ali,G
03/04/2021 10:54:00,Incr_Flow,318.49,cf,G
03/04/2021 10:55:00,Level_PT,2.59,in,G
03/04/2021 10:55:00,Flow _PT,0.767,cfs,G
03/04/2021 10:55:00,SamplePacin,2000,cf,G
03/04/2021 10:55:00,BottleNum,1,,G
03/04/2021 10:55:00,AliquotNum,43,ali,G
03/04/2021 10:55:00,Incr_Flow,364.50,cf,G
03/04/2021 10:56:00,Level_PT,2.61,in,G
03/04/2021 10:56:00,Flow _PT,0.777,cfs,G
03/04/2021 10:56:00,SamplePacin,2000,cf,G
03/04/2021 10:56:00,BottleNum,1,,G
03/04/2021 10:56:00,AliquotNum,43,ali,G
03/04/2021 10:56:00,Incr_Flow,411.14,cf,G
03/04/2021 10:57:00,Level_PT,2.62,in,G
03/04/2021 10:57:00,Flow _PT,0.783,cfs,G
03/04/2021 10:57:00,SamplePacin,2000,cf,G
03/04/2021 10:57:00,BottleNum,1,,G
03/04/2021 10:57:00,AliquotNum,43,ali,G
03/04/2021 10:57:00,Incr_Flow,458.09,cf,G
03/04/2021 10:58:00,Level_PT,2.60,in,G
03/04/2021 10:58:00,Flow _PT,0.772,cfs,G
03/04/2021 10:58:00,SamplePacin,2000,cf,G
03/04/2021 10:58:00,BottleNum,1,,G
03/04/2021 10:58:00,AliquotNum,43,ali,G
03/04/2021 10:58:00,Incr_Flow,504.41,cf,G
03/04/2021 10:59:00,Level_PT,2.63,in,G
03/04/2021 10:59:00,Flow _PT,0.788,cfs,G
03/04/2021 10:59:00,SamplePacin,2000,cf,G
03/04/2021 10:59:00,BottleNum,1,,G
03/04/2021 10:59:00,AliquotNum,43,ali,G
03/04/2021 10:59:00,Incr_Flow,551.67,cf,G
03/04/2021 11:00:00,Level_PT,2.62,in,G
03/04/2021 11:00:00,Flow _PT,0.783,cfs,G
03/04/2021 11:00:00,SamplePacin,2000,cf,G
03/04/2021 11:00:00,BottleNum,1,,G
03/04/2021 11:00:00,AliquotNum,43,ali,G
03/04/2021 11:00:00,Incr_Flow,598.62,cf,G
03/04/2021 11:01:00,Level_PT,2.62,in,G
03/04/2021 11:01:00,Flow _PT,0.783,cfs,G
03/04/2021 11:01:00,SamplePacin,2000,cf,G
03/04/2021 11:01:00,BottleNum,1,,G
03/04/2021 11:01:00,AliquotNum,43,ali,G
03/04/2021 11:01:00,Incr_Flow,645.57,cf,G
03/04/2021 11:02:00,Level_PT,2.59,in,G
03/04/2021 11:02:00,Flow _PT,0.767,cfs,G
03/04/2021 11:02:00,SamplePacin,2000,cf,G
03/04/2021 11:02:00,BottleNum,1,,G
03/04/2021 11:02:00,AliquotNum,43,ali,G
03/04/2021 11:02:00,Incr_Flow,691.59,cf,G
03/04/2021 11:03:00,Level_PT,2.61,in,G
03/04/2021 11:03:00,Flow _PT,0.777,cfs,G
03/04/2021 11:03:00,SamplePacin,2000,cf,G
03/04/2021 11:03:00,BottleNum,1,,G
03/04/2021 11:03:00,AliquotNum,43,ali,G
03/04/2021 11:03:00,Incr_Flow,738.22,cf,G
03/04/2021 11:04:00,Level_PT,2.60,in,G
03/04/2021 11:04:00,Flow _PT,0.772,cfs,G
03/04/2021 11:04:00,SamplePacin,2000,cf,G
03/04/2021 11:04:00,BottleNum,1,,G
03/04/2021 11:04:00,AliquotNum,43,ali,G
03/04/2021 11:04:00,Incr_Flow,784.55,cf,G
03/04/2021 11:05:00,Level_PT,2.61,in,G
03/04/2021 11:05:00,Flow _PT,0.777,cfs,G
03/04/2021 11:05:00,SamplePacin,2000,cf,G
03/04/2021 11:05:00,BottleNum,1,,G
03/04/2021 11:05:00,AliquotNum,43,ali,G
03/04/2021 11:05:00,Incr_Flow,831.19,cf,G
03/04/2021 11:06:00,Level_PT,2.61,in,G
03/04/2021 11:06:00,Flow _PT,0.777,cfs,G
03/04/2021 11:06:00,SamplePacin,2000,cf,G
03/04/2021 11:06:00,BottleNum,1,,G
03/04/2021 11:06:00,AliquotNum,43,ali,G
03/04/2021 11:06:00,Incr_Flow,877.82,cf,G
03/04/2021 11:07:00,Level_PT,2.60,in,G
03/04/2021 11:07:00,Flow _PT,0.772,cfs,G
03/04/2021 11:07:00,SamplePacin,2000,cf,G
03/04/2021 11:07:00,BottleNum,1,,G
03/04/2021 11:07:00,AliquotNum,43,ali,G
03/04/2021 11:07:00,Incr_Flow,924.15,cf,G
03/04/2021 11:08:00,Level_PT,2.60,in,G
03/04/2021 11:08:00,Flow _PT,0.772,cfs,G
03/04/2021 11:08:00,SamplePacin,2000,cf,G
03/04/2021 11:08:00,BottleNum,1,,G
03/04/2021 11:08:00,AliquotNum,43,ali,G
03/04/2021 11:08:00,Incr_Flow,970.47,cf,G
03/04/2021 11:09:00,Level_PT,2.59,in,G
03/04/2021 11:09:00,Flow _PT,0.767,cfs,G
03/04/2021 11:09:00,SamplePacin,2000,cf,G
03/04/2021 11:09:00,BottleNum,1,,G
03/04/2021 11:09:00,AliquotNum,43,ali,G
03/04/2021 11:09:00,Incr_Flow,1016.49,cf,G
03/04/2021 11:10:00,Level_PT,2.58,in,G
03/04/2021 11:10:00,Flow _PT,0.762,cfs,G
03/04/2021 11:10:00,SamplePacin,2000,cf,G
03/04/2021 11:10:00,BottleNum,1,,G
03/04/2021 11:10:00,AliquotNum,43,ali,G
03/04/2021 11:10:00,Incr_Flow,1062.19,cf,G
03/04/2021 11:11:00,Level_PT,2.59,in,G
03/04/2021 11:11:00,Flow _PT,0.767,cfs,G
03/04/2021 11:11:00,SamplePacin,2000,cf,G
03/04/2021 11:11:00,BottleNum,1,,G
03/04/2021 11:11:00,AliquotNum,43,ali,G
03/04/2021 11:11:00,Incr_Flow,1108.20,cf,G
03/04/2021 11:12:00,Level_PT,2.62,in,G
03/04/2021 11:12:00,Flow _PT,0.783,cfs,G
03/04/2021 11:12:00,SamplePacin,2000,cf,G
03/04/2021 11:12:00,BottleNum,1,,G
03/04/2021 11:12:00,AliquotNum,43,ali,G
03/04/2021 11:12:00,Incr_Flow,1155.15,cf,G
03/04/2021 11:13:00,Level_PT,2.60,in,G
03/04/2021 11:13:00,Flow _PT,0.772,cfs,G
03/04/2021 11:13:00,SamplePacin,2000,cf,G
03/04/2021 11:13:00,BottleNum,1,,G
03/04/2021 11:13:00,AliquotNum,43,ali,G
03/04/2021 11:13:00,Incr_Flow,1201.47,cf,G
03/04/2021 11:14:00,Level_PT,2.58,in,G
03/04/2021 11:14:00,Flow _PT,0.762,cfs,G
03/04/2021 11:14:00,SamplePacin,2000,cf,G
03/04/2021 11:14:00,BottleNum,1,,G
03/04/2021 11:14:00,AliquotNum,43,ali,G
03/04/2021 11:14:00,Incr_Flow,1247.17,cf,G
03/04/2021 11:15:00,Level_PT,2.57,in,G
03/04/2021 11:15:00,Flow _PT,0.756,cfs,G
03/04/2021 11:15:00,SamplePacin,2000,cf,G
03/04/2021 11:15:00,BottleNum,1,,G
03/04/2021 11:15:00,AliquotNum,43,ali,G
03/04/2021 11:15:00,Incr_Flow,1292.56,cf,G
03/04/2021 11:16:00,Level_PT,2.57,in,G
03/04/2021 11:16:00,Flow _PT,0.756,cfs,G
03/04/2021 11:16:00,SamplePacin,2000,cf,G
03/04/2021 11:16:00,BottleNum,1,,G
03/04/2021 11:16:00,AliquotNum,43,ali,G
03/04/2021 11:16:00,Incr_Flow,1337.95,cf,G
03/04/2021 11:17:00,Level_PT,2.55,in,G
03/04/2021 11:17:00,Flow _PT,0.746,cfs,G
03/04/2021 11:17:00,SamplePacin,2000,cf,G
03/04/2021 11:17:00,BottleNum,1,,G
03/04/2021 11:17:00,AliquotNum,43,ali,G
03/04/2021 11:17:00,Incr_Flow,1382.71,cf,G
03/04/2021 11:18:00,Level_PT,2.58,in,G
03/04/2021 11:18:00,Flow _PT,0.762,cfs,G
03/04/2021 11:18:00,SamplePacin,2000,cf,G
03/04/2021 11:18:00,BottleNum,1,,G
03/04/2021 11:18:00,AliquotNum,43,ali,G
03/04/2021 11:18:00,Incr_Flow,1428.41,cf,G
03/04/2021 11:19:00,Level_PT,2.59,in,G
03/04/2021 11:19:00,Flow _PT,0.767,cfs,G
03/04/2021 11:19:00,SamplePacin,2000,cf,G
03/04/2021 11:19:00,BottleNum,1,,G
03/04/2021 11:19:00,AliquotNum,43,ali,G
03/04/2021 11:19:00,Incr_Flow,1474.42,cf,G
03/04/2021 11:20:00,Level_PT,2.58,in,G
03/04/2021 11:20:00,Flow _PT,0.762,cfs,G
03/04/2021 11:20:00,SamplePacin,2000,cf,G
03/04/2021 11:20:00,BottleNum,1,,G
03/04/2021 11:20:00,AliquotNum,43,ali,G
03/04/2021 11:20:00,Incr_Flow,1520.12,cf,G
03/04/2021 11:21:00,Level_PT,2.58,in,G
03/04/2021 11:21:00,Flow _PT,0.762,cfs,G
03/04/2021 11:21:00,SamplePacin,2000,cf,G
03/04/2021 11:21:00,BottleNum,1,,G
03/04/2021 11:21:00,AliquotNum,43,ali,G
03/04/2021 11:21:00,Incr_Flow,1565.82,cf,G
03/04/2021 11:22:00,Level_PT,2.58,in,G
03/04/2021 11:22:00,Flow _PT,0.762,cfs,G
03/04/2021 11:22:00,SamplePacin,2000,cf,G
03/04/2021 11:22:00,BottleNum,1,,G
03/04/2021 11:22:00,AliquotNum,43,ali,G
03/04/2021 11:22:00,Incr_Flow,1611.52,cf,G
03/04/2021 11:23:00,Level_PT,2.58,in,G
03/04/2021 11:23:00,Flow _PT,0.762,cfs,G
03/04/2021 11:23:00,SamplePacin,2000,cf,G
03/04/2021 11:23:00,BottleNum,1,,G
03/04/2021 11:23:00,AliquotNum,43,ali,G
03/04/2021 11:23:00,Incr_Flow,1657.22,cf,G
03/04/2021 11:24:00,Level_PT,2.59,in,G
03/04/2021 11:24:00,Flow _PT,0.767,cfs,G
03/04/2021 11:24:00,SamplePacin,2000,cf,G
03/04/2021 11:24:00,BottleNum,1,,G
03/04/2021 11:24:00,AliquotNum,43,ali,G
03/04/2021 11:24:00,Incr_Flow,1703.24,cf,G
03/04/2021 11:25:00,Level_PT,2.56,in,G
03/04/2021 11:25:00,Flow _PT,0.751,cfs,G
03/04/2021 11:25:00,SamplePacin,2000,cf,G
03/04/2021 11:25:00,BottleNum,1,,G
03/04/2021 11:25:00,AliquotNum,43,ali,G
03/04/2021 11:25:00,Incr_Flow,1748.31,cf,G
03/04/2021 11:26:00,Level_PT,2.59,in,G
03/04/2021 11:26:00,Flow _PT,0.767,cfs,G
03/04/2021 11:26:00,SamplePacin,2000,cf,G
03/04/2021 11:26:00,BottleNum,1,,G
03/04/2021 11:26:00,AliquotNum,43,ali,G
03/04/2021 11:26:00,Incr_Flow,1794.32,cf,G
03/04/2021 11:27:00,Level_PT,2.56,in,G
03/04/2021 11:27:00,Flow _PT,0.751,cfs,G
03/04/2021 11:27:00,SamplePacin,2000,cf,G
03/04/2021 11:27:00,BottleNum,1,,G
03/04/2021 11:27:00,AliquotNum,43,ali,G
03/04/2021 11:27:00,Incr_Flow,1839.40,cf,G
03/04/2021 11:28:00,Level_PT,2.58,in,G
03/04/2021 11:28:00,Flow _PT,0.762,cfs,G
03/04/2021 11:28:00,SamplePacin,2000,cf,G
03/04/2021 11:28:00,BottleNum,1,,G
03/04/2021 11:28:00,AliquotNum,43,ali,G
03/04/2021 11:28:00,Incr_Flow,1885.10,cf,G
03/04/2021 11:29:00,Level_PT,2.56,in,G
03/04/2021 11:29:00,Flow _PT,0.751,cfs,G
03/04/2021 11:29:00,SamplePacin,2000,cf,G
03/04/2021 11:29:00,BottleNum,1,,G
03/04/2021 11:29:00,AliquotNum,43,ali,G
03/04/2021 11:29:00,Incr_Flow,1930.17,cf,G
03/04/2021 11:30:00,Level_PT,2.58,in,G
03/04/2021 11:30:00,Flow _PT,0.762,cfs,G
03/04/2021 11:30:00,SamplePacin,2000,cf,G
03/04/2021 11:30:00,BottleNum,1,,G
03/04/2021 11:30:00,AliquotNum,43,ali,G
03/04/2021 11:30:00,Incr_Flow,1975.87,cf,G
03/04/2021 11:31:00,Level_PT,2.57,in,G
03/04/2021 11:31:00,Flow _PT,0.756,cfs,G
03/04/2021 11:31:00,SamplePacin,2000,cf,G
03/04/2021 11:31:00,BottleNum,1,,G
03/04/2021 11:31:00,AliquotNum,43,ali,G
03/04/2021 11:31:00,Incr_Flow,21.26,cf,G
03/04/2021 11:32:00,Level_PT,2.57,in,G
03/04/2021 11:32:00,Flow _PT,0.756,cfs,G
03/04/2021 11:32:00,SamplePacin,2000,cf,G
03/04/2021 11:32:00,BottleNum,1,,G
03/04/2021 11:32:00,AliquotNum,44,ali,G
03/04/2021 11:32:00,Incr_Flow,66.65,cf,G
03/04/2021 11:33:00,Level_PT,2.56,in,G
03/04/2021 11:33:00,Flow _PT,0.751,cfs,G
03/04/2021 11:33:00,SamplePacin,2000,cf,G
03/04/2021 11:33:00,BottleNum,1,,G
03/04/2021 11:33:00,AliquotNum,44,ali,G
03/04/2021 11:33:00,Incr_Flow,111.72,cf,G
03/04/2021 11:34:00,Level_PT,2.55,in,G
03/04/2021 11:34:00,Flow _PT,0.746,cfs,G
03/04/2021 11:34:00,SamplePacin,2000,cf,G
03/04/2021 11:34:00,BottleNum,1,,G
03/04/2021 11:34:00,AliquotNum,44,ali,G
03/04/2021 11:34:00,Incr_Flow,156.49,cf,G
03/04/2021 11:35:00,Level_PT,2.57,in,G
03/04/2021 11:35:00,Flow _PT,0.756,cfs,G
03/04/2021 11:35:00,SamplePacin,2000,cf,G
03/04/2021 11:35:00,BottleNum,1,,G
03/04/2021 11:35:00,AliquotNum,44,ali,G
03/04/2021 11:35:00,Incr_Flow,201.87,cf,G
03/04/2021 11:36:00,Level_PT,2.56,in,G
03/04/2021 11:36:00,Flow _PT,0.751,cfs,G
03/04/2021 11:36:00,SamplePacin,2000,cf,G
03/04/2021 11:36:00,BottleNum,1,,G
03/04/2021 11:36:00,AliquotNum,44,ali,G
03/04/2021 11:36:00,Incr_Flow,246.95,cf,G
03/04/2021 11:37:00,Level_PT,2.59,in,G
03/04/2021 11:37:00,Flow _PT,0.767,cfs,G
03/04/2021 11:37:00,SamplePacin,2000,cf,G
03/04/2021 11:37:00,BottleNum,1,,G
03/04/2021 11:37:00,AliquotNum,44,ali,G
03/04/2021 11:37:00,Incr_Flow,292.96,cf,G
03/04/2021 11:38:00,Level_PT,2.55,in,G
03/04/2021 11:38:00,Flow _PT,0.746,cfs,G
03/04/2021 11:38:00,SamplePacin,2000,cf,G
03/04/2021 11:38:00,BottleNum,1,,G
03/04/2021 11:38:00,AliquotNum,44,ali,G
03/04/2021 11:38:00,Incr_Flow,337.72,cf,G
03/04/2021 11:39:00,Level_PT,2.56,in,G
03/04/2021 11:39:00,Flow _PT,0.751,cfs,G
03/04/2021 11:39:00,SamplePacin,2000,cf,G
03/04/2021 11:39:00,BottleNum,1,,G
03/04/2021 11:39:00,AliquotNum,44,ali,G
03/04/2021 11:39:00,Incr_Flow,382.80,cf,G
03/04/2021 11:40:00,Level_PT,2.57,in,G
03/04/2021 11:40:00,Flow _PT,0.756,cfs,G
03/04/2021 11:40:00,SamplePacin,2000,cf,G
03/04/2021 11:40:00,BottleNum,1,,G
03/04/2021 11:40:00,AliquotNum,44,ali,G
03/04/2021 11:40:00,Incr_Flow,428.19,cf,G
03/04/2021 11:41:00,Level_PT,2.59,in,G
03/04/2021 11:41:00,Flow _PT,0.767,cfs,G
03/04/2021 11:41:00,SamplePacin,2000,cf,G
03/04/2021 11:41:00,BottleNum,1,,G
03/04/2021 11:41:00,AliquotNum,44,ali,G
03/04/2021 11:41:00,Incr_Flow,474.20,cf,G
03/04/2021 11:42:00,Level_PT,2.56,in,G
03/04/2021 11:42:00,Flow _PT,0.751,cfs,G
03/04/2021 11:42:00,SamplePacin,2000,cf,G
03/04/2021 11:42:00,BottleNum,1,,G
03/04/2021 11:42:00,AliquotNum,44,ali,G
03/04/2021 11:42:00,Incr_Flow,519.27,cf,G
03/04/2021 11:43:00,Level_PT,2.57,in,G
03/04/2021 11:43:00,Flow _PT,0.756,cfs,G
03/04/2021 11:43:00,SamplePacin,2000,cf,G
03/04/2021 11:43:00,BottleNum,1,,G
03/04/2021 11:43:00,AliquotNum,44,ali,G
03/04/2021 11:43:00,Incr_Flow,564.66,cf,G
03/04/2021 11:44:00,Level_PT,2.56,in,G
03/04/2021 11:44:00,Flow _PT,0.751,cfs,G
03/04/2021 11:44:00,SamplePacin,2000,cf,G
03/04/2021 11:44:00,BottleNum,1,,G
03/04/2021 11:44:00,AliquotNum,44,ali,G
03/04/2021 11:44:00,Incr_Flow,609.74,cf,G
03/04/2021 11:45:00,Level_PT,2.53,in,G
03/04/2021 11:45:00,Flow _PT,0.736,cfs,G
03/04/2021 11:45:00,SamplePacin,2000,cf,G
03/04/2021 11:45:00,BottleNum,1,,G
03/04/2021 11:45:00,AliquotNum,44,ali,G
03/04/2021 11:45:00,Incr_Flow,653.87,cf,G
03/04/2021 11:46:00,Level_PT,2.56,in,G
03/04/2021 11:46:00,Flow _PT,0.751,cfs,G
03/04/2021 11:46:00,SamplePacin,2000,cf,G
03/04/2021 11:46:00,BottleNum,1,,G
03/04/2021 11:46:00,AliquotNum,44,ali,G
03/04/2021 11:46:00,Incr_Flow,698.95,cf,G
03/04/2021 11:47:00,Level_PT,2.52,in,G
03/04/2021 11:47:00,Flow _PT,0.730,cfs,G
03/04/2021 11:47:00,SamplePacin,2000,cf,G
03/04/2021 11:47:00,BottleNum,1,,G
03/04/2021 11:47:00,AliquotNum,44,ali,G
03/04/2021 11:47:00,Incr_Flow,742.77,cf,G
03/04/2021 11:48:00,Level_PT,2.56,in,G
03/04/2021 11:48:00,Flow _PT,0.751,cfs,G
03/04/2021 11:48:00,SamplePacin,2000,cf,G
03/04/2021 11:48:00,BottleNum,1,,G
03/04/2021 11:48:00,AliquotNum,44,ali,G
03/04/2021 11:48:00,Incr_Flow,787.85,cf,G
03/04/2021 11:49:00,Level_PT,2.55,in,G
03/04/2021 11:49:00,Flow _PT,0.746,cfs,G
03/04/2021 11:49:00,SamplePacin,2000,cf,G
03/04/2021 11:49:00,BottleNum,1,,G
03/04/2021 11:49:00,AliquotNum,44,ali,G
03/04/2021 11:49:00,Incr_Flow,832.61,cf,G
